﻿{"cameraMode":{"drawMode":0,"name":"Shaded","section":"Shading Mode"},"sceneLighting":true,"audioPlay":false,"sceneViewState":{"showFog":true,"showMaterialUpdate":false,"showSkybox":true,"showFlares":true,"showImageEffects":true,"showParticleSystems":true},"in2DMode":false,"pivot":{"x":-14.155582427978516,"y":-7.5034074783325199,"z":16.633285522460939},"rotation":{"x":0.15945965051651,"y":0.42677104473114016,"z":-0.07673292607069016,"w":0.8868772983551025},"size":59.370582580566409,"orthographic":false}