﻿{"cameraMode":{"drawMode":0,"name":"Shaded","section":"Shading Mode"},"sceneLighting":false,"audioPlay":false,"sceneViewState":{"showFog":true,"showMaterialUpdate":false,"showSkybox":false,"showFlares":true,"showImageEffects":true,"showParticleSystems":true},"in2DMode":false,"pivot":{"x":-20.906200408935548,"y":0.09520435333251953,"z":-1.978356122970581},"rotation":{"x":0.6195297837257385,"y":-0.24684642255306245,"z":0.21428363025188447,"w":0.7136766314506531},"size":25.329805374145509,"orthographic":false}