﻿{"cameraMode":{"drawMode":0,"name":"Shaded","section":"Shading Mode"},"sceneLighting":false,"audioPlay":false,"sceneViewState":{"showFog":true,"showMaterialUpdate":false,"showSkybox":false,"showFlares":true,"showImageEffects":true,"showParticleSystems":true},"in2DMode":false,"pivot":{"x":0.8421072363853455,"y":-4.943819046020508,"z":6.264455795288086},"rotation":{"x":0.29026463627815249,"y":0.048777151852846149,"z":-0.014816349372267723,"w":0.9555875658988953},"size":13.888059616088868,"orthographic":false}